{
  "dataset": "data/training_dataset.csv",
  "rows": 3250,
  "label_distribution": {
    "ambient ritualist": 300,
    "beautifully detached romantic": 300,
    "brooding alt antihero": 67,
    "cinematic self-mythologizer": 28,
    "classic soul romantic": 300,
    "euphoric transformation seeker": 79,
    "gaming adrenaline pilot": 198,
    "global rhythm collector": 300,
    "heavy catharsis seeker": 296,
    "hip-hop confidence architect": 300,
    "lofi focus drifter": 292,
    "melancholic indie nostalgia": 126,
    "night-drive existentialist": 115,
    "nostalgic digital dreamer": 249,
    "retro neon escapist": 300
  },
  "embedding_method": "TF-IDF followed by TruncatedSVD dense latent semantic embeddings",
  "embedding_dimensions": 128,
  "best_classifier": "linear_svc",
  "results": {
    "logistic_regression": {
      "accuracy": 0.9215384615384615,
      "macro_f1": 0.8922472331260859,
      "weighted_f1": 0.9257167519490566,
      "report": {
        "ambient ritualist": {
          "precision": 0.9836065573770492,
          "recall": 1.0,
          "f1-score": 0.9917355371900827,
          "support": 60.0
        },
        "beautifully detached romantic": {
          "precision": 0.8833333333333333,
          "recall": 0.8833333333333333,
          "f1-score": 0.8833333333333333,
          "support": 60.0
        },
        "brooding alt antihero": {
          "precision": 1.0,
          "recall": 0.8461538461538461,
          "f1-score": 0.9166666666666666,
          "support": 13.0
        },
        "cinematic self-mythologizer": {
          "precision": 1.0,
          "recall": 0.8333333333333334,
          "f1-score": 0.9090909090909091,
          "support": 6.0
        },
        "classic soul romantic": {
          "precision": 1.0,
          "recall": 0.9666666666666667,
          "f1-score": 0.9830508474576272,
          "support": 60.0
        },
        "euphoric transformation seeker": {
          "precision": 0.34615384615384615,
          "recall": 0.5625,
          "f1-score": 0.42857142857142855,
          "support": 16.0
        },
        "gaming adrenaline pilot": {
          "precision": 0.9047619047619048,
          "recall": 0.95,
          "f1-score": 0.926829268292683,
          "support": 40.0
        },
        "global rhythm collector": {
          "precision": 1.0,
          "recall": 0.9666666666666667,
          "f1-score": 0.9830508474576272,
          "support": 60.0
        },
        "heavy catharsis seeker": {
          "precision": 0.9074074074074074,
          "recall": 0.8305084745762712,
          "f1-score": 0.8672566371681416,
          "support": 59.0
        },
        "hip-hop confidence architect": {
          "precision": 1.0,
          "recall": 0.9833333333333333,
          "f1-score": 0.9915966386554622,
          "support": 60.0
        },
        "lofi focus drifter": {
          "precision": 1.0,
          "recall": 0.9655172413793104,
          "f1-score": 0.9824561403508771,
          "support": 58.0
        },
        "melancholic indie nostalgia": {
          "precision": 0.7931034482758621,
          "recall": 0.92,
          "f1-score": 0.8518518518518519,
          "support": 25.0
        },
        "night-drive existentialist": {
          "precision": 0.76,
          "recall": 0.8260869565217391,
          "f1-score": 0.7916666666666666,
          "support": 23.0
        },
        "nostalgic digital dreamer": {
          "precision": 0.98,
          "recall": 0.98,
          "f1-score": 0.98,
          "support": 50.0
        },
        "retro neon escapist": {
          "precision": 0.9285714285714286,
          "recall": 0.8666666666666667,
          "f1-score": 0.896551724137931,
          "support": 60.0
        },
        "accuracy": 0.9215384615384615,
        "macro avg": {
          "precision": 0.899129195058722,
          "recall": 0.8920511012420778,
          "f1-score": 0.8922472331260859,
          "support": 650.0
        },
        "weighted avg": {
          "precision": 0.9327757540458153,
          "recall": 0.9215384615384615,
          "f1-score": 0.9257167519490566,
          "support": 650.0
        }
      }
    },
    "linear_svc": {
      "accuracy": 0.9246153846153846,
      "macro_f1": 0.8927516838991182,
      "weighted_f1": 0.926448720702041,
      "report": {
        "ambient ritualist": {
          "precision": 0.9836065573770492,
          "recall": 1.0,
          "f1-score": 0.9917355371900827,
          "support": 60.0
        },
        "beautifully detached romantic": {
          "precision": 0.873015873015873,
          "recall": 0.9166666666666666,
          "f1-score": 0.8943089430894309,
          "support": 60.0
        },
        "brooding alt antihero": {
          "precision": 1.0,
          "recall": 0.8461538461538461,
          "f1-score": 0.9166666666666666,
          "support": 13.0
        },
        "cinematic self-mythologizer": {
          "precision": 1.0,
          "recall": 0.8333333333333334,
          "f1-score": 0.9090909090909091,
          "support": 6.0
        },
        "classic soul romantic": {
          "precision": 1.0,
          "recall": 0.9833333333333333,
          "f1-score": 0.9915966386554622,
          "support": 60.0
        },
        "euphoric transformation seeker": {
          "precision": 0.35,
          "recall": 0.4375,
          "f1-score": 0.3888888888888889,
          "support": 16.0
        },
        "gaming adrenaline pilot": {
          "precision": 0.8837209302325582,
          "recall": 0.95,
          "f1-score": 0.9156626506024096,
          "support": 40.0
        },
        "global rhythm collector": {
          "precision": 1.0,
          "recall": 0.9833333333333333,
          "f1-score": 0.9915966386554622,
          "support": 60.0
        },
        "heavy catharsis seeker": {
          "precision": 0.8771929824561403,
          "recall": 0.847457627118644,
          "f1-score": 0.8620689655172413,
          "support": 59.0
        },
        "hip-hop confidence architect": {
          "precision": 1.0,
          "recall": 0.9833333333333333,
          "f1-score": 0.9915966386554622,
          "support": 60.0
        },
        "lofi focus drifter": {
          "precision": 1.0,
          "recall": 0.9655172413793104,
          "f1-score": 0.9824561403508771,
          "support": 58.0
        },
        "melancholic indie nostalgia": {
          "precision": 0.7931034482758621,
          "recall": 0.92,
          "f1-score": 0.8518518518518519,
          "support": 25.0
        },
        "night-drive existentialist": {
          "precision": 0.8636363636363636,
          "recall": 0.8260869565217391,
          "f1-score": 0.8444444444444444,
          "support": 23.0
        },
        "nostalgic digital dreamer": {
          "precision": 0.98,
          "recall": 0.98,
          "f1-score": 0.98,
          "support": 50.0
        },
        "retro neon escapist": {
          "precision": 0.9107142857142857,
          "recall": 0.85,
          "f1-score": 0.8793103448275862,
          "support": 60.0
        },
        "accuracy": 0.9246153846153846,
        "macro avg": {
          "precision": 0.9009993627138756,
          "recall": 0.8881810447449024,
          "f1-score": 0.8927516838991182,
          "support": 650.0
        },
        "weighted avg": {
          "precision": 0.9298994595556616,
          "recall": 0.9246153846153846,
          "f1-score": 0.926448720702041,
          "support": 650.0
        }
      }
    },
    "ridge_classifier": {
      "accuracy": 0.92,
      "macro_f1": 0.8904374835513403,
      "weighted_f1": 0.923593878381973,
      "report": {
        "ambient ritualist": {
          "precision": 0.967741935483871,
          "recall": 1.0,
          "f1-score": 0.9836065573770492,
          "support": 60.0
        },
        "beautifully detached romantic": {
          "precision": 0.8983050847457628,