{
  "embedding_model": "TF-IDF fallback",
  "classifier": "LogisticRegression",
  "backend": "tfidf",
  "report": {
    "ambient ritualist": {
      "precision": 0.9746835443037974,
      "recall": 0.9390243902439024,
      "f1-score": 0.9565217391304348,
      "support": 82.0
    },
    "beautifully detached romantic": {
      "precision": 0.6938775510204082,
      "recall": 0.8717948717948718,
      "f1-score": 0.7727272727272727,
      "support": 39.0
    },
    "brooding alt antihero": {
      "precision": 0.9583333333333334,
      "recall": 0.8679245283018868,
      "f1-score": 0.9108910891089109,
      "support": 53.0
    },
    "cinematic self-mythologizer": {
      "precision": 1.0,
      "recall": 1.0,
      "f1-score": 1.0,
      "support": 5.0
    },
    "classic soul romantic": {
      "precision": 0.8736842105263158,
      "recall": 0.83,
      "f1-score": 0.8512820512820513,
      "support": 100.0
    },
    "country sunset storyteller": {
      "precision": 0.98,
      "recall": 0.9245283018867925,
      "f1-score": 0.9514563106796117,
      "support": 53.0
    },
    "dancefloor serotonin seeker": {
      "precision": 0.8717948717948718,
      "recall": 0.8831168831168831,
      "f1-score": 0.8774193548387097,
      "support": 77.0
    },
    "dark academia romantic": {
      "precision": 0.7983870967741935,
      "recall": 0.99,
      "f1-score": 0.8839285714285714,
      "support": 100.0
    },
    "euphoric transformation seeker": {
      "precision": 0.5,
      "recall": 0.625,
      "f1-score": 0.5555555555555556,
      "support": 8.0
    },
    "gaming adrenaline pilot": {
      "precision": 0.8846153846153846,
      "recall": 0.7931034482758621,
      "f1-score": 0.8363636363636363,
      "support": 29.0
    },
    "global rhythm collector": {
      "precision": 0.9615384615384616,
      "recall": 1.0,
      "f1-score": 0.9803921568627451,
      "support": 100.0
    },
    "heavy catharsis seeker": {
      "precision": 0.9285714285714286,
      "recall": 0.91,
      "f1-score": 0.9191919191919192,
      "support": 100.0
    },
    "hip-hop confidence architect": {
      "precision": 0.9603960396039604,
      "recall": 0.97,
      "f1-score": 0.9651741293532339,
      "support": 100.0
    },
    "lofi focus drifter": {
      "precision": 0.9672131147540983,
      "recall": 1.0,
      "f1-score": 0.9833333333333333,
      "support": 59.0
    },
    "mainstream pop shapeshifter": {
      "precision": 0.9509803921568627,
      "recall": 0.97,
      "f1-score": 0.9603960396039604,
      "support": 100.0
    },
    "melancholic indie nostalgia": {
      "precision": 0.9347826086956522,
      "recall": 0.8775510204081632,
      "f1-score": 0.9052631578947369,
      "support": 49.0
    },
    "night-drive existentialist": {
      "precision": 0.8095238095238095,
      "recall": 1.0,
      "f1-score": 0.8947368421052632,
      "support": 17.0
    },
    "nostalgic digital dreamer": {
      "precision": 0.7192982456140351,
      "recall": 0.9761904761904762,
      "f1-score": 0.8282828282828283,
      "support": 42.0
    },
    "retro neon escapist": {
      "precision": 0.890625,
      "recall": 0.57,
      "f1-score": 0.6951219512195121,
      "support": 100.0
    },
    "sad pop confessional": {
      "precision": 1.0,
      "recall": 0.9,
      "f1-score": 0.9473684210526315,
      "support": 10.0
    },
    "techno bunker futurist": {
      "precision": 0.96,
      "recall": 0.8275862068965517,
      "f1-score": 0.8888888888888888,
      "support": 29.0
    },
    "accuracy": 0.8977635782747604,
    "macro avg": {
      "precision": 0.8865859568012673,
      "recall": 0.891705720338828,
      "f1-score": 0.8840140594716097,
      "support": 1252.0
    },
    "weighted avg": {
      "precision": 0.9046322752897926,
      "recall": 0.8977635782747604,
      "f1-score": 0.8959336653714871,
      "support": 1252.0
    }
  }
}